,,,,632 Beacon,,,,,,140 BSR,,445',
,,,,(1-48),,,,.,,Rm. 121A,,,
,,,,,,,,1985',,(1-24),,,
1,A- Slot6 Port 1,Dist  6/11,A-Slot6 Port 3,R-Slot 1 Port 1,R-Slot 1 Port 5,A-Slot6 Port 8,A-Slot 7 Port 13,A-Slot 7 Port 21,,A-Slot 7 Port 3,R-Slot1 Port 13,R-Slot1 Port 16,
2,53 OB01,648-285-01,650-0501,Bays091-420-03,Bays091-620-05,NMRC-401EES02,BSR145-OB01,656-485A-01,140-121A-06,140-121AES05,140-191AES03,140-E692AES02,
3,A-Slot6 Port 19,A-Slot6 Port 6,A-Slot6 Port 2,,R-Slot 1 Port 4,R-Slot 1 Port 46,A-Slot 7 Port 15,,R-Slot1 Port 8,R-Slot1 Port 11,A-Slot 7 Port 6,R-Slot1 Port 17,
4,Deer019-0301,NMRCnet,648-0501,,Bays091-620-06,Bays091-820-03,Deer19-107-01,632-B01A-01,140-121AES03,140-191AES01,140-191AES04,140-W692AES01,
5,A-Slot 7 Port 19,A-Slot6 Port 7,A-Slot6 Port 4,R-Slot 1 Port 3,A-Slot6 Port 20,R-Slot 1 Port 47,A-Slot6 Port 18,,R-Slot1 Port 9,R-Slot1 Port 12,R-Slot1 Port 15,R-Slot1 Port 18,
6,MLK-net,Bookstore/net,656-0401,Bays091-420-04,533-0101,Bays091-820-04,071-B08-04,632-B01A-02,140-121AES04,140-191AES02,140-E692AES01,140-W692AES02,
,T1-A,T1-B,T1-C,T1-D,T1-E,T1-F,T1-G,T1-H,T1-I,T1-J,T1-K,T1-L,
,,,,,,,,,,,,,
,,,,,,,,,,,,,
,,,,,,,,,,,,,
,,,,,,,,,,,,,
,,,,635 Comm.,,,,,,,,,
,,,,Room 192,,,,,To Hub 632,,,,
,,,,(1-48),,,,.,,,,,
,,,,,,,,875',(1-12 SM),,,,
1,pch to D5 & E5,,R-Slot? Port ?,R-Slot? Port ?,R-Slot? Port ?,A-Slot 7 Port 2,,,R-Slot 3 Port 4,,Circuit 55,Circuit 63 cumm111,
2,Al G.,,Bays139-0BXXes01,Bays181-0BXXes01,Bays207-0BXXes01,Comm635-0201,,,092-0BXXES01,,,,
3,,pch to R1 J1,R-Slot? Port ?,R-Slot? Port ?,,,,,Circuit 64 cumm111,,Circuit 59 cumm111,Circuit 65 cumm111,
4,,001-843A-02,Bays153-0BXXes01,Bays193-0BXXes01,,,,,,,,,
5,,,R-Slot? Port ?,R-Slot? Port ?,,R-Slot2 Port 20,,,Circuit 66 cumm024,R-Slot 4 Port 5,Circuit 60 cumm111,Splice,
6,Bays140-121Aes01,,Bays169-0BXXes01,Bays199-0BXXes01,,625-B84-01,,,,632-B90B-02,,Splice,
,T2-A,T2-B,T2-C,T2-D,T2-E,T2-F,T2-G,T2-H,T2-I,T2-J,T2-K,T2-L,
,,,,,,,,,,,,,
,,,,,,,,,,,,,
,,,,,,,,,,,,,
,,,,,,,,,,,,,
,To 156 BSR,,,,,,,,,,,,
,Rm. B98,,,To L1-90 Rack #2,,,,,,To Wall Shelf,,,
,,,,(1-72),,,,,,,,,
,(1-12 SM),,,,,,,,,(1-24 MM),,,
1,R-Slot 4 Port 1,Ad 7/16,,,,,,,,Admin 3/17,,,
2,Bays162-B07-02,156-B08-02,,,,,,,,595-L190-07,,,
3,Admin,,,,,,,,,,,,
4,Bays156-B98-02,,,,,,,,,,,,
5,Ad 7/15,,,,,,,,Admin 3/24,,,,
6,152-G04D-02,,,,,,,,595-L190-06,,,,
,T3-A,T3-B,T3-C,T3-D,T3-E,T3-F,T3-G,T3-H,T3-I,T3-J,T3-K,T3-L,
,,,,,,,,,,,,,
,,,,,,,,,,,,,
,,,,,,,,,,,,,
,,,,,,,,,,,,,
,,,,,,,,,,,,,
,,,,,,,,,,,,,
,,,,,,,,,,,,,
,,,,,,,,,,,,,
,,,,,,,,,,,,,
,,,,,,,,,,,,,
,,,,,,,,,,,,,
,,,,,,,,,,,,,
,,,,,,,,,,,,,
,,,,,,,,580',116 BSR,,128 BSR,,
,108 BSR,,To 140 BSR,,,To 156 BSR,,,Rm. B06A,,Rm. B02,,
,(1-12),,Rm. 121A,,,(1-24),,,(1-12),,(1-12),,
,,1020',(1-12 SM),,(1-24 MM),,,,,940',,1010',
1,A-Slot 7 Port 18,,,,A- Slot2 Port 6,A- Slot2 Port 5,,,,,A-Slot6 Port 10,,
2,108-OBO1,,140-191A-05,140-121A-08,156-B06-01,152-G04D-01,,,,,Bays128 OBO1,,
3,R-Slot1 Port 1,,,Res 3/18,R-Slot1 Port 19,,,,pch to T7 F5,,,,
4,112OB02ES01,,140-191A-05,140-E692A-03,162-OB07ES01,,,,116 OBO1,,,,
5,,,,Res 3/18,Check Fibers,,,,,,,,
6,,,140-121A-07,140-E692A-03,Check Fibers,,,,,,,,
,T4-A,T4-B,T4-C,T4-D,T4-E,T4-F,4T4-,T4-H,T4-I,T4-J,T4-K,T4-L,
,,,,,,,,,,,,,
,,,,,,,,,,,,,
,,,,,,,,,,,,,
,,,,,,,,,,,,,
,100 BSR,,,,,,,,,,,,
,Rm. B99B,,,,,,,,,,,,
,,,,,,,,,,,,,
,(1-72 SM (of 96),,,,,,,,,,,,
1,Admin 3/13,Admin 4/7,Admin 4/10,Admin 4/13,Admin 4/16,#13 G1&2,Admin 7/8,Admin 7/11,,,,,
2,Bays100-B99B-01,Bays100-B99B-03,Bays100-483-01,Bays100-583-02,Bays100-683-02,535-B81-01,91-401-02,19-242-02,,,,,
3,Admin 3/14,Admin 4/8,Admin 4/11,Admin 4/14,Admin  8/3,,Admin 7/9,Admin 7/12,Ad 7/19,,,,
4,Bays100-384-01,Bays100-384-02,Bays100-483-02,Bays100-583-03,Deer19-382A-03,648-285-03,91-338A-05,19-107-01,656-485A-02,,,,
5,Admin 4/6,Admin 4/9,Admin 4/12,Admin 4/15,Admin  8/4,,Admin 7/10,Ad 7/17,Ad 7/20,Admin 7/21,,,
6,Bays100-B99B-02,Bays100-384-03,Bays100-583-01,Bays100-683-01,Deer19-382A-04,685-685-02,19-242-01,648-485-04,656-585-02,660-484B-01,,,
,T5-A,T5-B,T5-C,T5-D,T5-E,T5-F,T5-G,T5-H,T5-I,T5-J,T5-K,T5-L,
,,,,,,,,,,,,,
,,,,,,,,,,,,,
,,,,,,,,,,,,,
,,,,,,,,,,,,,
,,,,,,,,,,,,,
,,,,,,,,,100 BSR,,,,
,,,,To 575 Comm (HoJo's),,,,,Rm. B99B,,,,
,,,,,,,,1010',,,,,
,,(1-24),,,,(1-24 SM),,,(73-96 SM (of 96),,,,
1,R-Slot2 Port 11,R-Slot2 Port 14,R-Slot2 Port 17,,A- Slot2 Port 10,,comm575-284-3,comm595-584-3,,,,,
2,575-0600ES01,575-0300ES01,575-0BXXES01,,565-117-01,575-0500-02,comm595-l190,comm595-l190,,,,,
3,R-Slot2 Port 12,R-Slot2 Port 15,A-Slot 7 Port 5,,R- Slot4 Port 4,,comm575-384-3,omm595-684-3,,,,,
4,575-0500ES01,575-0200ES01,575-0BXXES02,,575-B03-03,575-0500-03,comm595-l190,comm595-l190,,,,,
5,R-Slot2 Port 13,R-Slot2 Port 16,comm575-684-03,pch to R1 D5,Admin  8/13,comm565-189es04,comm575-484-3,Splice,,,,,
6,575-0400ES01,575-0200ES03,comm595-L190-aca,,565-189-02,comm595-aca03,comm595-l190,Splice,,,,,
,T6-A,T6-B,T6-C,T6-D,T6-E,T6-F,T6-G,T6-H,T6-I,T6-J,T6-K,T6-L,
,,,,,,,,,,,,,
,,,,,,,,,,,,,
,,,,,,,,,,,,,
,,,,,,,,,,,,,
,,,,,,,,,,,,,
,,,,,,,,,,,,,
,,,,,,,,,,,,,
,,,,,,,,,,,,,
,,,,,,,,,,,,,
,,,,,,,,,,,,,
,,,,,,,,,,,,,
,,,,,,,,,,,,,
,,,,,,,,,,,,,
,,,,,,,,,,,,,
,,,,,,,,,,,,,
,,,,To Hub 635,,,,,,,,,
,,,,,,,,,,,,,
,,,,(49-96),,,,,,,,,
1,R-Slot1 Port 20,R-Slot1 Port 23,R-Slot2 Port 2,R-Slot2 Port 5,R-Slot2 Port 8,,,,FUTURE,FUTURE,FUTURE,FUTURE,
2,166-OBXXES01,178-OBXXES01,188-OBXXES01,194-OBXXES01,208-OBXXES01,595-L190-01,,,FUTURE,FUTURE,FUTURE,FUTURE,
3,R-Slot1 Port 21,R-Slot1 Port 24,R-Slot2 Port 3,R-Slot2 Port 6,R-Slot2 Port 9,A-Slot6 Port 9,A-Slot6 Port 22,,FUTURE,FUTURE,FUTURE,FUTURE,
4,168-OBXXES01,180-OBXXES01,188-OBXXES02,200-OBXXES01,210-OBXXES01,ALBnet,621-B05-01,,FUTURE,FUTURE,FUTURE,FUTURE,
5,R-Slot1 Port 22,R-Slot2 Port 1,R-Slot2 Port 4,R-Slot2 Port 7,R-Slot2 Port 10,pch to T4 I1,,,FUTURE,FUTURE,FUTURE,FUTURE,
6,172-B01AES01,182-OBXXES01,192-OBXXES01,206-OBXXES01,212-OBXXES01,Bays116-0B01,,,FUTURE,FUTURE,FUTURE,FUTURE,
,T7-A,T7-B,T7-C,T7-D,T7-E,T7-F,T7-G,T7-H,T7-I,T7-J,T7-K,T7-L,
,,,,,,,,,,,,,
,,,,,,,,,,,,,
,,,,,,,,,,,,,
,,,,,,,,,,,,,
,,,,,,,,,,,,,
,,,,To Hub 635,,,,,,,,,
,,,,,,,,,,,,,
,,,,(1-48 SM),,,,,,,,,
1,Circuit 1,Circuit 4,Circuit 8 comm881,Circuit 73 comm765,Circuit 76 cumm111,spliced,comm635-192es04,,FUTURE,FUTURE,FUTURE,FUTURE,
2,,,,,,spliced,comm595-dist-aca03,,FUTURE,FUTURE,FUTURE,FUTURE,
3,Circuit 3,comm595-l190,buic010-b99a-res02,bays181-b81-1,Circuit 85,Ad Core 2/4,comm635-192es06,Spliced,FUTURE,FUTURE,FUTURE,FUTURE,
4,,buic010-b99a-cir07,comm595-core-cir#6,comm595-l190,,595-L190-04,comm595-dist-aca03,Spliced,FUTURE,FUTURE,FUTURE,FUTURE,
5,bays194-b01-1,check circuit 5,Circuit 9,Circuit 75 cumm111,Circuit 15 cumm111,bays199-b01-1,R-Slot 5 Port 1,Circuit 10,FUTURE,FUTURE,FUTURE,FUTURE,
6,comm595-l190,check circuit 5,,,,comm595-l190,595-111-03,,FUTURE,FUTURE,FUTURE,FUTURE,
,T8-A,T8-B,T8-C,T8-D,T8-E,T8-F,T8-G,T8-H,T8-I,T8-J,T8-K,T8-L,
,,,,,,,,,,,,,
,,,,,,,32HAW-BUPD-radio room,,,,,,
,,,,,,,silb001-penthouse receiver cir#74,,,,,,
,,,,,,,,,,,,,
,,,,,,,,,,,,,
,,,,To 2 Sherborn,,,,,,,,,
,,,,Room B05,,,,,,,,,
,,,,(24/24),,,,,,,,,
1,A- Slot4 Port 4,A- Slot4 Port 12,A- Slot4 Port 15,,A- Slot1 Port 10,,,,Future,Future,Future,Future,
2,Sher002-B07-01,Sher002-205-01,Shr002-404A-01,,Silb002-404A-03,,,,Future,Future,Future,Future,
3,A- Slot4 Port 10,A- Slot4 Port 13,A- Slot4 Port 16,,Admin  8/8,,,,Future,Future,Future,Future,
4,Sher002-B07-02,Sher002-307-01,Shr002-404A-02,,SILB002-B07-03,,,,Future,Future,Future,Future,
5,A- Slot4 Port 11,A- Slot4 Port 14,,,,,,,Future,Future,Future,Future,
6,Sher002-105-01,Sher002-307-02,,,,,,,Future,Future,Future,Future,
,T9-A,T9-B,T9-C,T9-D,T9-E,T9-F,T9-G,T9-H,T9-I,T9-J,T9-K,T9-L,
,,,,,,,,,,,,,
,,,,,,,,,,,,,
,,,,,,,,,,,,,
,,,,,,,,,,,,,
,,,,,,,,,,,,,
,,,,,,,,,,,,,
,,,,,,,,,,,,,
,,,,,,,,,,,,,
,,,,,,,,,,,,,
,,,,,,,,,,,,,
,,,,,,,,,,,,,
,,,,,,,,,,,,,
,,,,,,,,,,,,,
,,,,,,,,,,,,,
,,,,,,,,,,,,,
,,,,,,,,,,,,,
,to 112 BSR,,,,,,,,,,,,
,Rm. 0B02,,,,,,,,,,,,
,(1/48 SM),,,,,,,,,,,,
1,R- Slot 3 Port 7,,Admin 4/5,,,,,,Future,Future,Future,Future,
2,112-0B02-01,Bays128-B02-02,Bays122-B03A-01,,,,,,Future,Future,Future,Future,
3,,Admin 4/4,,,,,,,Future,Future,Future,Future,
4,,Bays122-B03A-01,,,,,,,Future,Future,Future,Future,
5,,,,,,,,,Future,Future,Future,Future,
6,Bays116-B06A-02,,,,,,,,Future,Future,Future,Future,
,T10-A,T10-B,T10-C,T10-D,T10-E,T10-F,T10-G,T10-H,T10-I,T10-J,T10-K,T10-L,
,,,,,,,,,,,,,
,,,,,,,,,,,,,
,,,,,,,,,,,,,
,,,,,,,,,,,,,
,,,,To  632 Beacon,,,,,,,,,
,,,,Rm. B01A,,,,,,,,,
,,,,,,,,,,,,,
,,,,(13-60 SM),,,,,,,,,
1,Splice,Spliced in 632,not in use,bent300 Circuit 12,Circuit 47,Circuit 62,beac610-b19c-02,Circuit 53,Future,Future,Future,Future,
2,Splice,Spliced in 632,Circuit #2,,,,comm595-l190 res01-gi3/6,,Future,Future,Future,Future,
3,Splice,Spliced in 632,Circuit 58,Circuit 52,Circuit 61,spliced,Res Router,Circuit 54,Future,Future,Future,Future,
4,Splice,Spliced in 632,,,,spliced,058-B81-01,,Future,Future,Future,Future,
5,Circuit 50,Spliced in 632,Circuit 11,Circuit 14,R3 #1 G3&6,spliced,comm500-03xx01,Res     3/1,Future,Future,Future,Future,
6,Rack 3,Spliced in 632,,,Circuit 79 (BUMC),spliced,comm685-130a-aca,070-OB01-01,Future,Future,Future,Future,
,T11-A,T11-B,T11-C,T11-D,T11-E,T11-F,T11-G,T11-H,T11-I,T11-J,T11-K,T11-L,
,,,,,,,,,,,,,
,,,,,,,,,,,,,
,,,,,,,,,,,,,
,,,,,* circuit 79 goes to BUMC alba650-core-aca01,,,,,,,,
,,,,,,,,,,,,,
,,,,,,,,,,,,,
,,,,,,,,,,,,,
,,,,,,,,,,,,,
,,,,,,,,,,,,,
1,Future,Future,Future,Future,Future,Future,Future,Future,Future,Future,Future,Future,
2,Future,Future,Future,Future,Future,Future,Future,Future,Future,Future,Future,Future,
3,Future,Future,Future,Future,Future,Future,Future,Future,Future,Future,Future,Future,
4,Future,Future,Future,Future,Future,Future,Future,Future,Future,Future,Future,Future,
5,Future,Future,Future,Future,Future,Future,Future,Future,Future,Future,Future,Future,
6,Future,Future,Future,Future,Future,Future,Future,Future,Future,Future,Future,Future,
,T12-A,T12-B,T12-C,T12-D,T12-E,T12-F,T12-G,T12-H,T12-I,T12-J,T12-AK,T12-L,
,,,,,,,,,,,,,
,,,,,,,,,,,,,
,,,,,,,,,,,,,
,,,,,,,,,,,,,
,,,,,,,,,,,,,
,,,,,,,,,,,,,
,,,,,,,,,,,,,
,,,,,,,,,,,,,
,,,,,,,,,,,,,
,,,,,,,,,,,,,
,,,,,,,,,,,,,
,,,,,,,,,,,,,
,,,,,,,,,,,,,
,,,,,,,,,,,,,
,,,,,,,,,,,,,
Wall Rack,,,,,,,,,,,,,
,,,,,,,,,,,,,
,,,,,,,,,,,,,
,To 635 Comm. Ave.,,,,,,,,,,,,
,Rm. 192,,,,,,,,,,,,
,,,,,,,,,,,,,
,(73-120 SM),,,,,,,,,,,,
1,R- Slot 4 Port 4,R- Slot 4 Port 7,R- Slot 4 Port 10,Admin 4/17,Admin 4/20,Admin 8/2,#5 F1&2,Admin  8/10,T16 J5&6,Admin  7/5,Ad 7/14,comm629-01xxes01,
2,Bays210-B08-02,Bays192-B92-04,Bays172-B01A-02,COMM635--B87-02,635-592-03,635-392-04,535-B81-01,635-292-07,143-B008-04,635-692-03,621-B05-05,comm595-res,
3,R- Slot 4 Port 5,R- Slot 4 Port 12,R- Slot 4 Port 11,Admin 4/18,Admin 4/21,to T16 I1&2,Admin  8/7,Admin  8/11,Admi  7/3,Admin  7/6,comm685-130a-02,comm621-b05 03,
4,Bays206-B86-02,Bays188-B84-04,Bays168-B07-02,COMM635-192-03,635-592-04,Bays143-B00A-03,635-292-05,635-492-03,635-392-05,635-692-04,comm595-L190-R3,comm595-aca,
5,R- Slot 4 Port 6,R- Slot 4 Port 9,Admin 4/5,Admin 4/19,Admin 8/1,to T16 I3&4,Admin  8/9,Admin  8/12,Admin 7/4,Admin  7/7,rive150-td001-dist-gw01,comm500-03xx01,
6,Bays200-B81-02,Bays178-B81-03,621-B05-04,COMM635-292-04,635-392-03,Bays145-B81-03,635-292-06,635-492-04,635-392-06,635-192-04,comm595-l184-core-gw01,comm685-130a-aca,
,T13-A,T13-B,T13-C,T13-D,T13-E,T13-F,T13-G,T13-H,T13-U,T13-J,T13-K,T13-L,
,,,,,,,,,,,,,
,,,,,,,,,,,,,
,,,,,,,,,,,,,
,,,,,,,,,,,,,
,,,,,,,,,,,,,
,,,,,,,,,,,,,
,Rack 7,,,,,,,,,,,,
,Rm. 192,,,,,,,,,,,,
,,24 strand to 635 Comm,,,,,,,,,,,
,(121-192 SM),,,,,,,,,,,,
,,,,,"circuits 180-184 fusion spliced in 635,685 and 775 Comm to 10 Buick",,circuits185-189  to 111 cumm LC connectors,,fusion spliced in 635 & 685 to 111 Cumm. Rm B05,,,,
1,comm595-l184-10,bays210-b08-1,bays178-b81-2,bays200-b81-3,comm881-dist-aca01 te8/1,circuit #183,comm595/cumm111 cir#185,splice,Circuit 110,Circuit 113,Circuit 116,Circuit 119,
2,comm881-326r12,comm595-l190,comm595-l190,comm595-l190,comm595-core-gw01 te1/1 cir#180,comm595-l190 -comm881-326r12,comm595/cumm111 cir#186,splice,cumm111,Rack 6,check fiber,cumm111-tunnel-gw03,
3,bays206-B86-1,bays212-b04-1,bays182-b04-1,bays166-b81-1,circuit #181,comm881-326  t-12,comm595/cumm111 cir#187,splice,Circuit 111,Circuit 114,Circuit 117,Circuit 120,
4,comm595-l190,comm595-l190,comm595-l190,comm595-l190,comm595-l190 -buic010-b99a,comm595-core- cir184,comm595/cumm111 cir#188,splice,Rack 3,Rack 6,Rack 7,,
5,bays208-b84-1,bays180-b06-1,bays188-b04-2,comm625-b84-1,comm881-326 s12,mary008-dist-res02 3/5,comm595/cumm111 cir#189,buic025-headend comcast,Circuit 112,Circuit 115,Circuit 118,comm595-l184es18,
6,comm595-l190,comm595-l190,comm595-l190,comm595-l90,comm595-core cir 182,comm595-core-6/2 cir 179,DARK  SM,comm595-bdr-gw01-sfp1 cir178,Rack 6,Rack 6,Rack 7,cumm111-0b05es63,
,T14-A,T14-B,T14-C,T14-D,T14-E,T14-F,T14-G,T14-H,T14-I,T14-J,T14-K,T14-L,
,,,,,,cir#179 fusion spliced in,spliced in 635 and 685 comm,,,,,,
,,,,,,"635,685,775,10 Buick, 890,",,,,,,,
,,,,,,808 and 520 Park to 8 ,,,,,,,
,,,,,,St. Mary B96,,,,,,,
,,,,,,,,,,,,,
,,,,,,,,,,,,,
,,,,,,,,,,,,,
,,,,,,,,,,,,,
,,,,,,,,,,,,,
,,,,,,,,,,,,,
,,,,,,,,,,,,,
,,,,,,,,,,,,,
,,,,,,,,,,,,,
,,,,,,,,,,,,,
,,,,,,,,,,,,,
,,,,,,,,,,,,,
,,,,,,,,,,,,,
,,,,,,,,,,,,,
,,,,,,,,,,,,,
,,,,,,,,,,,,,
,,,,,,,,,,,,,
,,,,,,,,,,,,,
,,,,,,,,,,,,,
,,,,,,,,,,,,,
Wall Rack,,,,,,,,,,,,,
,,,,,,,,,,,,,
,To 632 Beacon,,,,,,,,,,,,
,Rm. B01A,,,,,,,,,,,,
,,,,,,,,,,,,,
,( 61-132 SM),,,,,,,,,,,,
1,beac610-336c-01,Res  3/21,R- Slot 4 Port 3,R- Slot 4 Port 16,R- Slot 4 Port 19,R- Slot 4 Port 22,,beac610-782-01,beac610-582-02,1 Summer St.,,,
2,comm595-l190 res01gi3/15,Bays117-B83-03,Bays139-B03A-02,Beac521-0B08-02,Bays193-B81-02,Bays169-B04-02,Bays071-B08-05,comm595-l184 res6/3,comm595-l184 res6/6,111 Cumm. (VPN),Comm483-B18-03,Rale002-B7A-02,
3,beac610-382-01,R- Slot 4 Port 13,R- Slot 4 Port 2,R- Slot 4 Port 17,R- Slot 4 Port 20,R- Slot 4 Port 23,,beac610-782-02,beac610-382-02,,,,
4,comm595-l184 res3/16,Bays159-B87-03,Bays133-B91B-02,Beac531-B5B-02,Bays207-B82-05,Bays163-B82-02,Bays071-B08-06,comm595-l184 res6/4,comm595-l184 res6/7,Beac512-B08-07,Bays079-0BXXes01,Bays177-B05A-01,
5,Res  3/20,R- Slot 4 Port 14,R- Slot 4 Port 15,R- Slot 4 Port 18,R- Slot 4 Port 21,beac610-982-01,beac610-982-02,beac610-582-01,bays091-620-09,,,,
6,203-0BXX-01,Bays153-B05-02,Beac512-0B08-06,Bays203-B81-02,Bays177-B05A-02,comm595-l184 res3/16,comm595-l184 res6/2,comm595-l184 res6/5,comm595-res01-gi6/15,Comm483-B18-02,Bays081-0BXXes01,Rale002-B7A-03,
,T15-A,T15-B,T15-C,T15-D,T15-E,T15-F,T15-G,T15-H,T15-I,T15-J,T15-K,T15-L,
,,,,,,,,,,,,,
,,,,,,,,,,,,,
,,,,,,,,,,,,,
,,,,,,,,,,,,,
,,,,,,,,,,,,,
,,,,,,,,,,,,,
,To 632 Beacon,,,,,,,,,,,,
,Rm. B01A,,,,,,,,,,,,
,,,,,,,,,,,,,
,(133-204 SM),,,,,,,,,,,,
1,,,,Res 7/11,,Res 7/18,,Ad   4/3,to T13 F3&4,beac610-b19c-01,Circuit 37,Circuit 86 Holyoke,
2,Bays081-B05A-03,Bays159-0B01-01,Bays185-B82A-02,Bays191-B04-03,Beac512-B08-09,Bays084-B005-01,Bays091-620-08,Bays53-B90-02,Bays143-B00A-03,comm595-l190,,,
3,,,,,,,,Res   4-24,to T13 F5&6,Res  7/14,Circuit 38,Circuit 87,
4,Bays117-B83-04,Bays163-0BXXes01,Bays185-B82A-03,Bays211-2XX-02,Beac521-B08B-03,Bays091-B01A-10,Bays071-B08-07,Bays91-B01A-11,Bays145-B81-03,80-B03-01,,Holeyoke DC  #4,
5,,,,,,,,Res   7/16,Admin  8/5,T13 I1&2,Circuit 49,300 Bent,
6,Bays133-0BXX-es01,Bays177-B05A-03,Bays191-B04-02,Beac512-B08-08,Beac531-B08B-03,Bays091-620-07,Bays153-B05-03,Bays074-B91-01,091-B01A-12,143-B008-04,,595 Comm cir #88,
,T16-A,T16-B,T16-C,T16-D,T16-E,T16-F,T16-G,T16-H,T16-I,T16-J,T16-K,T16-L,
,,,,,,,,,,,,,
,,,,,,,,,,,,,
,,,,,,,,,,,,,
,,,,,,,,,,,,,
,,,,,,,,,,,,,
,,,,,,,,,,,,,
,,,,,,,,,,,,,
,,,,,,,,,,,,,
,,,,,,,,,,,,,
,,,,,,,,,,,,,
,,,,,,,,,,,,,
,,,,,,,,,,,,,
,,,,,,,,,,,,,
,,,,,,,,,,,,,
,,,,,,,,,,,,,
,,,,,,,,,,,,,
,,,,,,,,,,,,,
,,,,,,,,,,,,,
,,,,,,,,,,,,,
,,,,,,,,,,,,,
,,,,,,,,,,,,,
,,,,,,,,,,,,,
,,,,,,,,,,,,,
,,,,,,,,,,,,,
,,,,,,,,,,,,,
,,,,,,,,,,,,,
Wall Rack,,,,,,,,,,,,,
,To 632 Beacon,,,,,,,,,,,,
,,,,,,,,,,,,,
,(144 SM fiber cable) (204-348),,,,,,,,,,,,
,,,,,,,,,,,,,
,(205-228 SM),,,,(229-276 SM)                                  ,,,,,,,,
1,Admin 7/13,BEAC610-284-01,BEAC610-884-01,bays091-420-10,bays091-820-10,bays091-820es01,,,,,,,
2,Bays053-B90-03,COMM595-L190-gi7/19,COMM595-L190gi7/22,comm595-l190-res02,comm595-l190-res02,comm595-res02,,,,,,,
3,BEAC610-B82D-01,BEAC610-484-01,beac610-b82D-02,beac610-b82d-05,beac512-b81es06,bays091-820es03,,,,,,,
4,COMM595-L190-gi7/15,COMM595-L190-gi7/20,comm595-L184 GI9/1,comm595-L184-Gi7/23,comm595-dist-res02,comm595-res02,,,,,,,
5,Res 7/7,BEAC610-684-01,beac610-b82d-03,beac610-b82d-06,comm595-b81es08,,,,,,,,
6,BAYS078-B06-01,COMM595-L190-gi7/21,comm595-L184 GI9/2,comm595-L184-Gi7/24,comm595-dist-res02,,,,,,,,
,T17-A,T17-B,T17-C,T17-D,T17-E,T17-F,T17-G,T17-H,T17-I,T17-J,T17-K,T17-L,
,,,,,,,,,,,,,
,,,,,,,,,,,,,
,,,,,,,,,,,,,
,,,Fibers 277-348 are left in buffer tube for future,,,,,,,,,,
,,,,,,,,,,,,,
,To 632 Beacon,,,,,,,,,,,,
,,,,,,,,,,,,,
,(144 SM fiber cable) (204-348),,,,,,,,,,,,
,,,,,,,,,,,,,
,(205-228 SM),,,,(229-276 SM)                                  (These will be fusiond splice in 632 Beacon over to 677 Beacon to 111 Cummington),,,,,,,,
1,,,,,cumm11-b05,comm595-l190,comm595-l184 dist-aca-01,comm595-rack 6,comm595-rack 6,comm595-rack 6,comm595-res02 te3/1,cumm111-dist-aca02 te2/8,
2,,,,,comm595-l190 cir146,cumm024-b86-cir149,cumm111-core-gw01 cir152,cumm111-C73 cir 155,cumm111-C73 cir 158,cumm111-C73 cir 161,cumm111-core te6/1 cir#164,comm595-wism-aca04 te2 cir#167,
3,,,,,cumm111-b05,32haw-bupd,comm595-dist-aca02-te2/7,comm595-rack 6,comm595-rack 6,comm595-rack 6,comm595-dist-aca02-te2/8,cumm111-dist-aca03 te3/5,
4,,,,,comm595-l190-cir147,1silb-ph-cir150/74,cumm111-wism-aca04 te1 cir#153,cumm111-C73 cir 156,cumm111-C73 cir 159,cumm111-C73 cir 162,cumm111-wism-aca04 te2 cir#165,comm595-core-gw01 te5/1cir#168,
5,,,,,cumm111-b05,1 Summer St.,comm595-rack 6,comm595-rack 6,comm595-rack 6,comm595-rack 6,cumm111-dist-aca02 te2/7,cumm111-b05es13 Circuit 169,
6,,,,,comm595-l190-cir148,10 Buick cir #151,cumm111-C73 cir 154,cumm111-C73 cir 157,cumm111-C73 cir 160,cumm111-C73 cir 163,comm595-wism-aca04 te1 cir#166,Bent300-gw01 cir#12,
,T18-A,T18-B,T18-C,T18-D,T18-E,T18-F,T18-G,T18-H,T18-I,T18-J,T18-K,T17-L,
,,,,,,,,,,,,,
,,,,,,,,,,,,,
,,,,,,,,,,,,,
,,,,,,,,,,,,,
,,,,,48 SM to 140 BSR rm121,,,,48 SM to 575 Comm. 25-48 dark,,,,
,,,,,,,,,1-12 LC connectors     ,13-24 LC connectors,,,
1,bays140-e191-10,bays140-e191-11,bays140-w191-11,,,,,,Comm575-b03es02/comm595-res02,,dark,,
2,comm595-l190,comm595-l190-res02,comm595-l190-res02,,,,,,,,,,
3,bays140-e692-10,bays140-e692-11,,,,,,,,,,,
4,comm595-l190,comm595-l190-res02,,,,,,,,,,,
5,bays140-w692-10,bays140-w692-11,,,,,,,,,,,
6,comm595-l190,comm595-l190-res02,,,,,,,,,,,
,19A,19B,19C,19D,19E,19F,19G,19H,19I,19J,19K,19L,
,,,,,,,,,,,,,
,,,,,,,,,,,,,
,,,,,,,,,,,,,
,,,,,,,,,,,,,
,,,,,,,,,,,,,
,,,,,riser 9th floor,,,riser 8th floor,,,,,
,,,,,,,,,,,,,
1,,,,,,,,,,,,,
2,,,,,,,,,,,,,
3,,,,,,,,,,,,,
4,,,,,,,,,,,,,
5,,,,,,,,,,,,,
6,,,,,,,,,,,,,
,20A,20B,20C,20D,20E,20F,20G,20H,20I,20J,20K,20L,
,,,,,,,,,,,,,
,,,,,,,,,,,,,
,,,,,,,,,,,,,
,,,,,,,,,,,,,
,,,,,,,,,,,,,
,,,,,riser 7th floor,,,riser 6th floor,,,,,
,,,,,,,,,,,,,
1,,,,,,,comm595-692b-06,,,,,,
2,,,,,,,comm595-l190,,,,,,
3,,,,,,,,,,,,,
4,,,,,,,,,,,,,
5,,,,,,,,,,,,,
6,,,,,,,,,,,,,
,21A,21B,21C,21D,21E,21F,21G,21H,21I,21J,21K,21L,
,,,,,,,,,,,,,
,,,,,,,,,,,,,
,,,,,,,,,,,,,
,,,,,,,,,,,,,
,,,,,,,,,,,,,
,,,,,riser 5th floor,,,,,,6 Strand SM to parking booth,6 strand sm to hallway,
,,,,,,,,,,,,,
1,,,,,,,,,,,comm595-parking booth,comm595-stairwell,
2,,,,,,,,,,,comm595-l190,comm595-l190,
3,,,,,,,,,,,comm595-parking booth,comm595-staiwell,
4,,,,,,,,,,,comm595-l184 switch,comm595-l184 switch,
5,,,,,,,,,,,,,
6,,,,,,,,,,,,,
,22A,22B,22C,22D,22E,22F,22G,22H,22I,22J,22K,22L,
,,,,,,,,,,,,,
,,,,,,,,,,,,,
,,,,,,,,,,,,,
,,,,,,,,,,,,,
,,,,,,,,,,,12 STRAND SM TO PENTHOUSE,,
,,,,,riser 4th floor,,,,,,,,
,,,,,,,,,,,,,
1,,,,,,,,,,,32HAW-BUPD-radio room,,
2,,,,,,,,,,,silb001-penthouse receiver cir#74,,
3,,,,,,,,,,,,,
4,,,,,,,,,,,,,
5,,,,,,,,,,,,,
6,,,,,,,,,,,,,
,23A,23B,23C,23D,23E,23F,23G,23H,23I,23J,23K,23L,
,,,,,,,,,,,,,
,,,,,,,,,,,,,
,,,,,,,,,,,,,
,,,,,,,,,,,,,
,,,,,,,,,,,,,
,,,,,riser 3rd floor ,,,,,,,,
,,,,,,,,,,,,,
1,,,,,,,,,,,,,
2,,,,,,,,,,,,,
3,,,,,,,,,,,,,
4,,,,,,,,,,,,,
5,,,,,,,,,,,,,
6,,,,,,,,,,,,,
,24A,24B,24C,24D,24E,24F,24G,24H,24I,24J,24K,24L,
,,,,,,,,,,,,,
,,,,,,,,,,,,,
,,,,,,,,,,,,,
,,,,,,,,,,,,,
,,,,,,,,,,,,,
,,,,,2nd floor riser,,,,,,,,
,,,,,,,,,,,,,
1,,,,,,,,,,,,,
2,,,,,,,,,,,,,
3,,,,,,,,,,,,,
4,,,,,,,,,,,,,
5,,,,,,,,,,,,,
6,,,,,,,,,,,,,
,25A,25B,25C,25D,25E,25F,25G,25H,25I,25J,25K,25l,
,,,,,,,,,,,,,
,,,,,,,,,,,,,
,,,,,,,,,,,,,
,,,,,,,,,,,,,
,,,,,,,,,,,,,
,,,,,riser,,,,,,,,
,,,,,,,,,,,,,
1,,,,,,,,,,,,,
2,,,,,,,,,,,,,
3,,,,,,,,,,,,,
4,,,,,,,,,,,,,
5,,,,,,,,,,,,,
6,,,,,,,,,,,,,
,26A,26B,26C,26D,26E,26F,26G,26H,26I,26,24K,24L,
,,,,,,,,,,,,,
,,,,,,,,,,,,,
,,,,,,,,,,,,,
,,,,,,,,,,,,,
,,,,,,,,,,,,,
,,,,,,,,,,,,,
,,,,,riser,,,,comm595-L102,,,,
,,,,,,,,,,,,,
1,,,,,,,,,,,,,
2,,,,,,,,,,,,,
3,,,,,,,,,,,,,
4,,,,,,,,,,,,,
5,,,,,,,,,,,,,
6,,,,,,,,,,,,,
,27A,27B,27C,27D,27E,27F,27G,27H,27I,27J,27K,27L,
,,,,,,,,,,,,,
,,,,,,,,,,,,,
,,,,,,,NEW WALL RACK,,,,,,
,,,,,,,144 strand SM to 665 Comm,,,,,,
,,,,,,,1-144 LC connectors,,,,,,
1&2,comm665-aca01/comm595/core,,,,,,,,,,,,
3&4,,,,,,,,,,,,,
5&6,,,,,,,,,,,,,
7&8,,,,,,,,,,,,,
9&10,,,,,,,,,,,,,
11&12,,,,,,,,,,,,,
,27A,27B,27C,27D,27E,27F,27G,27H,27I,27J,27K,27L,